{
  "Echo" : {
    "transaction" : "Echo",
    "sampleCount" : 338,
    "errorCount" : 0,
    "errorPct" : 0.0,
    "meanResTime" : 256.1301775147928,
    "medianResTime" : 220.0,
    "minResTime" : 208.0,
    "maxResTime" : 1933.0,
    "pct1ResTime" : 242.0,
    "pct2ResTime" : 293.2000000000003,
    "pct3ResTime" : 1165.0,
    "throughput" : 5.691960526758951,
    "receivedKBytesPerSec" : 3.5572779840692466,
    "sentKBytesPerSec" : 0.706446318960291
  },
  "dummy 9" : {
    "transaction" : "dummy 9",
    "sampleCount" : 31,
    "errorCount" : 0,
    "errorPct" : 0.0,
    "meanResTime" : 299.90322580645164,
    "medianResTime" : 311.0,
    "minResTime" : 60.0,
    "maxResTime" : 495.0,
    "pct1ResTime" : 474.4,
    "pct2ResTime" : 494.4,
    "pct3ResTime" : 495.0,
    "throughput" : 0.5777976589875494,
    "receivedKBytesPerSec" : 0.00451404421084023,
    "sentKBytesPerSec" : 0.0
  },
  "dummy 8" : {
    "transaction" : "dummy 8",
    "sampleCount" : 34,
    "errorCount" : 0,
    "errorPct" : 0.0,
    "meanResTime" : 265.11764705882354,
    "medianResTime" : 253.5,
    "minResTime" : 56.0,
    "maxResTime" : 488.0,
    "pct1ResTime" : 483.5,
    "pct2ResTime" : 488.0,
    "pct3ResTime" : 488.0,
    "throughput" : 0.5967948605430833,
    "receivedKBytesPerSec" : 0.004662459847992839,
    "sentKBytesPerSec" : 0.0
  },
  "dummy 1" : {
    "transaction" : "dummy 1",
    "sampleCount" : 33,
    "errorCount" : 0,
    "errorPct" : 0.0,
    "meanResTime" : 287.45454545454544,
    "medianResTime" : 290.0,
    "minResTime" : 67.0,
    "maxResTime" : 492.0,
    "pct1ResTime" : 464.8,
    "pct2ResTime" : 484.29999999999995,
    "pct3ResTime" : 492.0,
    "throughput" : 0.6025746370857299,
    "receivedKBytesPerSec" : 0.004707614352232265,
    "sentKBytesPerSec" : 0.0
  },
  "dummy 0" : {
    "transaction" : "dummy 0",
    "sampleCount" : 34,
    "errorCount" : 0,
    "errorPct" : 0.0,
    "meanResTime" : 271.17647058823525,
    "medianResTime" : 268.0,
    "minResTime" : 58.0,
    "maxResTime" : 500.0,
    "pct1ResTime" : 481.0,
    "pct2ResTime" : 494.75,
    "pct3ResTime" : 500.0,
    "throughput" : 0.5911604131168063,
    "receivedKBytesPerSec" : 0.0046184407274750495,
    "sentKBytesPerSec" : 0.0
  },
  "dummy 10" : {
    "transaction" : "dummy 10",
    "sampleCount" : 31,
    "errorCount" : 0,
    "errorPct" : 0.0,
    "meanResTime" : 261.41935483870975,
    "medianResTime" : 237.0,
    "minResTime" : 65.0,
    "maxResTime" : 499.0,
    "pct1ResTime" : 482.6,
    "pct2ResTime" : 490.0,
    "pct3ResTime" : 499.0,
    "throughput" : 0.5701463988817774,
    "receivedKBytesPerSec" : 0.004454268741263886,
    "sentKBytesPerSec" : 0.0
  },
  "dummy 3" : {
    "transaction" : "dummy 3",
    "sampleCount" : 32,
    "errorCount" : 0,
    "errorPct" : 0.0,
    "meanResTime" : 300.84375,
    "medianResTime" : 314.0,
    "minResTime" : 54.0,
    "maxResTime" : 490.0,
    "pct1ResTime" : 472.5,
    "pct2ResTime" : 487.4,
    "pct3ResTime" : 490.0,
    "throughput" : 0.5885382182005444,
    "receivedKBytesPerSec" : 0.004597954829691753,
    "sentKBytesPerSec" : 0.0
  },
  "dummy 2" : {
    "transaction" : "dummy 2",
    "sampleCount" : 45,
    "errorCount" : 0,
    "errorPct" : 0.0,
    "meanResTime" : 268.44444444444446,
    "medianResTime" : 243.0,
    "minResTime" : 59.0,
    "maxResTime" : 491.0,
    "pct1ResTime" : 464.4,
    "pct2ResTime" : 486.29999999999995,
    "pct3ResTime" : 491.0,
    "throughput" : 0.7879806682076066,
    "receivedKBytesPerSec" : 0.006156098970371927,
    "sentKBytesPerSec" : 0.0
  },
  "dummy 5" : {
    "transaction" : "dummy 5",
    "sampleCount" : 19,
    "errorCount" : 0,
    "errorPct" : 0.0,
    "meanResTime" : 226.47368421052633,
    "medianResTime" : 178.0,
    "minResTime" : 76.0,
    "maxResTime" : 497.0,
    "pct1ResTime" : 461.0,
    "pct2ResTime" : 497.0,
    "pct3ResTime" : 497.0,
    "throughput" : 0.3698152869961267,
    "receivedKBytesPerSec" : 0.0028891819296572394,
    "sentKBytesPerSec" : 0.0
  },
  "dummy 4" : {
    "transaction" : "dummy 4",
    "sampleCount" : 25,
    "errorCount" : 0,
    "errorPct" : 0.0,
    "meanResTime" : 294.28,
    "medianResTime" : 318.0,
    "minResTime" : 60.0,
    "maxResTime" : 497.0,
    "pct1ResTime" : 472.40000000000003,
    "pct2ResTime" : 490.7,
    "pct3ResTime" : 497.0,
    "throughput" : 0.44543429844098,
    "receivedKBytesPerSec" : 0.003479955456570156,
    "sentKBytesPerSec" : 0.0
  },
  "dummy 7" : {
    "transaction" : "dummy 7",
    "sampleCount" : 22,
    "errorCount" : 0,
    "errorPct" : 0.0,
    "meanResTime" : 293.1363636363636,
    "medianResTime" : 287.0,
    "minResTime" : 52.0,
    "maxResTime" : 493.0,
    "pct1ResTime" : 480.29999999999995,
    "pct2ResTime" : 492.85,
    "pct3ResTime" : 493.0,
    "throughput" : 0.3959683225341973,
    "receivedKBytesPerSec" : 0.003093502519798416,
    "sentKBytesPerSec" : 0.0
  },
  "Total" : {
    "transaction" : "Total",
    "sampleCount" : 673,
    "errorCount" : 0,
    "errorPct" : 0.0,
    "meanResTime" : 266.51411589895986,
    "medianResTime" : 227.0,
    "minResTime" : 52.0,
    "maxResTime" : 1933.0,
    "pct1ResTime" : 446.6,
    "pct2ResTime" : 484.0,
    "pct3ResTime" : 963.3399999999999,
    "throughput" : 11.33340069381294,
    "receivedKBytesPerSec" : 3.601351735374356,
    "sentKBytesPerSec" : 0.706446318960291
  },
  "dummy 6" : {
    "transaction" : "dummy 6",
    "sampleCount" : 29,
    "errorCount" : 0,
    "errorPct" : 0.0,
    "meanResTime" : 270.8620689655172,
    "medianResTime" : 234.0,
    "minResTime" : 66.0,
    "maxResTime" : 490.0,
    "pct1ResTime" : 443.0,
    "pct2ResTime" : 467.5,
    "pct3ResTime" : 490.0,
    "throughput" : 0.549221620393167,
    "receivedKBytesPerSec" : 0.0042907939093216165,
    "sentKBytesPerSec" : 0.0
  }
}