{
  "Echo" : {
    "transaction" : "Echo",
    "sampleCount" : 37,
    "errorCount" : 0,
    "errorPct" : 0.0,
    "meanResTime" : 795.8648648648649,
    "medianResTime" : 296.0,
    "minResTime" : 245.0,
    "maxResTime" : 7751.0,
    "pct1ResTime" : 826.6000000000003,
    "pct2ResTime" : 7744.7,
    "pct3ResTime" : 7751.0,
    "throughput" : 4.5116449213510545,
    "receivedKBytesPerSec" : 126.18483073710523,
    "sentKBytesPerSec" : 0.59479693787343
  },
  "Total" : {
    "transaction" : "Total",
    "sampleCount" : 37,
    "errorCount" : 0,
    "errorPct" : 0.0,
    "meanResTime" : 795.8648648648649,
    "medianResTime" : 296.0,
    "minResTime" : 245.0,
    "maxResTime" : 7751.0,
    "pct1ResTime" : 826.6000000000003,
    "pct2ResTime" : 7744.7,
    "pct3ResTime" : 7751.0,
    "throughput" : 4.5116449213510545,
    "receivedKBytesPerSec" : 126.18483073710523,
    "sentKBytesPerSec" : 0.59479693787343
  }
}