{
  "Echo" : {
    "transaction" : "Echo",
    "sampleCount" : 2249,
    "errorCount" : 0,
    "errorPct" : 0.0,
    "meanResTime" : 269.83281458425995,
    "medianResTime" : 245.0,
    "minResTime" : 210.0,
    "maxResTime" : 3218.0,
    "pct1ResTime" : 294.0,
    "pct2ResTime" : 442.5,
    "pct3ResTime" : 673.0,
    "throughput" : 36.63522780954243,
    "receivedKBytesPerSec" : 1024.6215158151297,
    "sentKBytesPerSec" : 5.259158679690172
  },
  "Total" : {
    "transaction" : "Total",
    "sampleCount" : 2249,
    "errorCount" : 0,
    "errorPct" : 0.0,
    "meanResTime" : 269.83281458425995,
    "medianResTime" : 245.0,
    "minResTime" : 210.0,
    "maxResTime" : 3218.0,
    "pct1ResTime" : 294.0,
    "pct2ResTime" : 442.5,
    "pct3ResTime" : 673.0,
    "throughput" : 36.63522780954243,
    "receivedKBytesPerSec" : 1024.6215158151297,
    "sentKBytesPerSec" : 5.259158679690172
  }
}